p1,r,p2
"(:Paper {publication_year: 2018,paper_index: 1805.08355,title: Opening the black box of deep learning,authors: [Dian Lei, Xiaoxiao Chen, Jianfei Zhao]})",[:CITES],"(:Paper {publication_year: 2017,paper_index: 1708.02709,title: Recent Trends in Deep Learning Based Natural Language Processing,authors: [Tom Young, Devamanyu Hazarika, Soujanya Poria, Erik Cambria]})"
"(:Paper {publication_year: 2018,paper_index: 1805.08355,title: Opening the black box of deep learning,authors: [Dian Lei, Xiaoxiao Chen, Jianfei Zhao]})",[:CITES],"(:Paper {publication_year: 2017,paper_index: 1710.11431,title: Physics-guided Neural Networks (PGNN): An Application in Lake
  Temperature Modeling,authors: [Arka Daw, Anuj Karpatne, William Watkins, Jordan Read, Vipin Kumar]})"
"(:Paper {publication_year: 2018,paper_index: 1805.08355,title: Opening the black box of deep learning,authors: [Dian Lei, Xiaoxiao Chen, Jianfei Zhao]})",[:CITES],"(:Paper {publication_year: 2014,paper_index: 1410.3831,title: An exact mapping between the Variational Renormalization Group and Deep
  Learning,authors: [Pankaj Mehta, David J. Schwab]})"
"(:Paper {publication_year: 2018,paper_index: 1802.02840,title: Neural Network Renormalization Group,authors: [Shuo-Hui Li, Lei Wang]})",[:CITES],"(:Paper {publication_year: 2014,paper_index: 1410.3831,title: An exact mapping between the Variational Renormalization Group and Deep
  Learning,authors: [Pankaj Mehta, David J. Schwab]})"
"(:Paper {publication_year: 2017,paper_index: 1704.01552,title: Deep Learning and Quantum Entanglement: Fundamental Connections with
  Implications to Network Design,authors: [Yoav Levine, David Yakira, Nadav Cohen, Amnon Shashua]})",[:CITES],"(:Paper {publication_year: 2014,paper_index: 1410.3831,title: An exact mapping between the Variational Renormalization Group and Deep
  Learning,authors: [Pankaj Mehta, David J. Schwab]})"
"(:Paper {publication_year: 2018,paper_index: 1805.08355,title: Opening the black box of deep learning,authors: [Dian Lei, Xiaoxiao Chen, Jianfei Zhao]})",[:CITES],"(:Paper {publication_year: 2018,paper_index: 1803.09780,title: Quantum Entanglement in Deep Learning Architectures,authors: [Yoav Levine, Or Sharir, Nadav Cohen, Amnon Shashua]})"
"(:Paper {publication_year: 2018,paper_index: 1805.08355,title: Opening the black box of deep learning,authors: [Dian Lei, Xiaoxiao Chen, Jianfei Zhao]})",[:CITES],"(:Paper {publication_year: 2018,paper_index: 1803.08834,title: What Do We Understand About Convolutional Networks?,authors: [Isma Hadji, Richard P. Wildes]})"
"(:Paper {publication_year: 2018,paper_index: 1805.08355,title: Opening the black box of deep learning,authors: [Dian Lei, Xiaoxiao Chen, Jianfei Zhao]})",[:CITES],"(:Paper {publication_year: 2018,paper_index: 1804.08071,title: Decoupled Networks,authors: [Weiyang Liu, Zhen Liu, Zhiding Yu, Bo Dai, Rongmei Lin, Yisen Wang, James M. Rehg, Le Song]})"
"(:Paper {publication_year: 2018,paper_index: 1805.08355,title: Opening the black box of deep learning,authors: [Dian Lei, Xiaoxiao Chen, Jianfei Zhao]})",[:CITES],"(:Paper {publication_year: 2018,paper_index: 1804.04438,title: Pooling is neither necessary nor sufficient for appropriate deformation
  stability in CNNs,authors: [Avraham Ruderman, Neil C. Rabinowitz, Ari S. Morcos, Daniel Zoran]})"
"(:Paper {publication_year: 2018,paper_index: 1805.08355,title: Opening the black box of deep learning,authors: [Dian Lei, Xiaoxiao Chen, Jianfei Zhao]})",[:CITES],"(:Paper {publication_year: 2018,paper_index: 1802.02840,title: Neural Network Renormalization Group,authors: [Shuo-Hui Li, Lei Wang]})"
"(:Paper {publication_year: 2018,paper_index: 1805.08355,title: Opening the black box of deep learning,authors: [Dian Lei, Xiaoxiao Chen, Jianfei Zhao]})",[:CITES],"(:Paper {publication_year: 2018,paper_index: 1804.03235,title: Large scale distributed neural network training through online
  distillation,authors: [Rohan Anil, Gabriel Pereyra, Alexandre Passos, Robert Ormandi, George E. Dahl, Geoffrey E. Hinton]})"
"(:Paper {publication_year: 2018,paper_index: 1805.08355,title: Opening the black box of deep learning,authors: [Dian Lei, Xiaoxiao Chen, Jianfei Zhao]})",[:CITES],"(:Paper {publication_year: 2017,paper_index: 1704.01552,title: Deep Learning and Quantum Entanglement: Fundamental Connections with
  Implications to Network Design,authors: [Yoav Levine, David Yakira, Nadav Cohen, Amnon Shashua]})"
"(:Paper {publication_year: 2018,paper_index: 1805.08355,title: Opening the black box of deep learning,authors: [Dian Lei, Xiaoxiao Chen, Jianfei Zhao]})",[:CITES],"(:Paper {publication_year: 2018,paper_index: 1801.00631,title: Deep Learning: A Critical Appraisal,authors: [Gary Marcus]})"
"(:Paper {publication_year: 2018,paper_index: 1805.08355,title: Opening the black box of deep learning,authors: [Dian Lei, Xiaoxiao Chen, Jianfei Zhao]})",[:CITES],"(:Paper {publication_year: 2013,paper_index: 1312.4149,title: Autonomous Quantum Perceptron Neural Network,authors: [Alaa Sagheer, Mohammed Zidan]})"
"(:Paper {publication_year: 2018,paper_index: 1805.08355,title: Opening the black box of deep learning,authors: [Dian Lei, Xiaoxiao Chen, Jianfei Zhao]})",[:CITES],"(:Paper {publication_year: 2018,paper_index: 1803.10296,title: Quantum Machine Learning for Electronic Structure Calculations,authors: [Rongxin Xia, Sabre Kais]})"
"(:Paper {publication_year: 2018,paper_index: 1805.08355,title: Opening the black box of deep learning,authors: [Dian Lei, Xiaoxiao Chen, Jianfei Zhao]})",[:CITES],"(:Paper {publication_year: 2017,paper_index: 1712.04741,title: Mathematics of Deep Learning,authors: [Rene Vidal, Joan Bruna, Raja Giryes, Stefano Soatto]})"
"(:Paper {publication_year: 2018,paper_index: 1805.08355,title: Opening the black box of deep learning,authors: [Dian Lei, Xiaoxiao Chen, Jianfei Zhao]})",[:CITES],"(:Paper {publication_year: 2018,paper_index: 1801.04016,title: Theoretical Impediments to Machine Learning With Seven Sparks from the
  Causal Revolution,authors: [Judea Pearl]})"
"(:Paper {publication_year: 2018,paper_index: 1805.08355,title: Opening the black box of deep learning,authors: [Dian Lei, Xiaoxiao Chen, Jianfei Zhao]})",[:CITES],"(:Paper {publication_year: 2018,paper_index: 1804.03301,title: A Mathematical Framework for Superintelligent Machines,authors: [Daniel J. Buehrer]})"
"(:Paper {publication_year: 2017,paper_index: 1708.02709,title: Recent Trends in Deep Learning Based Natural Language Processing,authors: [Tom Young, Devamanyu Hazarika, Soujanya Poria, Erik Cambria]})",[:CITES],"(:Paper {publication_year: 2013,paper_index: 1301.3781,title: Efficient Estimation of Word Representations in Vector Space,authors: [Tomas Mikolov, Kai Chen, Greg Corrado, Jeffrey Dean]})"
"(:Paper {publication_year: 2017,paper_index: 1708.02709,title: Recent Trends in Deep Learning Based Natural Language Processing,authors: [Tom Young, Devamanyu Hazarika, Soujanya Poria, Erik Cambria]})",[:CITES],"(:Paper {publication_year: 2014,paper_index: 1411.2738,title: word2vec Parameter Learning Explained,authors: [Xin Rong]})"
"(:Paper {publication_year: 2017,paper_index: 1708.02709,title: Recent Trends in Deep Learning Based Natural Language Processing,authors: [Tom Young, Devamanyu Hazarika, Soujanya Poria, Erik Cambria]})",[:CITES],"(:Paper {publication_year: 2017,paper_index: 1706.08160,title: Beyond Bilingual: Multi-sense Word Embeddings using Multilingual Context,authors: [Shyam Upadhyay, Kai-Wei Chang, Matt Taddy, Adam Kalai, James Zou]})"
"(:Paper {publication_year: 2017,paper_index: 1708.02709,title: Recent Trends in Deep Learning Based Natural Language Processing,authors: [Tom Young, Devamanyu Hazarika, Soujanya Poria, Erik Cambria]})",[:CITES],"(:Paper {publication_year: 2015,paper_index: 1505.05008,title: Boosting Named Entity Recognition with Neural Character Embeddings,authors: [Cicero Nogueira dos Santos, Victor Guimarães]})"
"(:Paper {publication_year: 2017,paper_index: 1708.02709,title: Recent Trends in Deep Learning Based Natural Language Processing,authors: [Tom Young, Devamanyu Hazarika, Soujanya Poria, Erik Cambria]})",[:CITES],"(:Paper {publication_year: 2016,paper_index: 1607.04606,title: Enriching Word Vectors with Subword Information,authors: [Piotr Bojanowski, Edouard Grave, Armand Joulin, Tomas Mikolov]})"
"(:Paper {publication_year: 2017,paper_index: 1708.02709,title: Recent Trends in Deep Learning Based Natural Language Processing,authors: [Tom Young, Devamanyu Hazarika, Soujanya Poria, Erik Cambria]})",[:CITES],"(:Paper {publication_year: 2017,paper_index: 1707.06556,title: High-risk learning: acquiring new word vectors from tiny data,authors: [Aurelie Herbelot, Marco Baroni]})"
"(:Paper {publication_year: 2017,paper_index: 1708.02709,title: Recent Trends in Deep Learning Based Natural Language Processing,authors: [Tom Young, Devamanyu Hazarika, Soujanya Poria, Erik Cambria]})",[:CITES],"(:Paper {publication_year: 2017,paper_index: 1707.06961,title: Mimicking Word Embeddings using Subword RNNs,authors: [Yuval Pinter, Robert Guthrie, Jacob Eisenstein]})"
"(:Paper {publication_year: 2017,paper_index: 1708.02709,title: Recent Trends in Deep Learning Based Natural Language Processing,authors: [Tom Young, Devamanyu Hazarika, Soujanya Poria, Erik Cambria]})",[:CITES],"(:Paper {publication_year: 2017,paper_index: 1705.11168,title: Are distributional representations ready for the real world? Evaluating
  word vectors for grounded perceptual meaning,authors: [Li Lucy, Jon Gauthier]})"
"(:Paper {publication_year: 2017,paper_index: 1708.02709,title: Recent Trends in Deep Learning Based Natural Language Processing,authors: [Tom Young, Devamanyu Hazarika, Soujanya Poria, Erik Cambria]})",[:CITES],"(:Paper {publication_year: 2018,paper_index: 1802.05365,title: Deep contextualized word representations,authors: [Matthew E. Peters, Mark Neumann, Mohit Iyyer, Matt Gardner, Christopher Clark, Kenton Lee, Luke Zettlemoyer]})"
"(:Paper {publication_year: 2017,paper_index: 1708.02709,title: Recent Trends in Deep Learning Based Natural Language Processing,authors: [Tom Young, Devamanyu Hazarika, Soujanya Poria, Erik Cambria]})",[:CITES],"(:Paper {publication_year: 2018,paper_index: 1810.04805,title: BERT: Pre-training of Deep Bidirectional Transformers for Language
  Understanding,authors: [Jacob Devlin, Ming-Wei Chang, Kenton Lee, Kristina Toutanova]})"
"(:Paper {publication_year: 2017,paper_index: 1708.02709,title: Recent Trends in Deep Learning Based Natural Language Processing,authors: [Tom Young, Devamanyu Hazarika, Soujanya Poria, Erik Cambria]})",[:CITES],"(:Paper {publication_year: 2014,paper_index: 1408.5882,title: Convolutional Neural Networks for Sentence Classification,authors: [Yoon Kim]})"
"(:Paper {publication_year: 2017,paper_index: 1708.02709,title: Recent Trends in Deep Learning Based Natural Language Processing,authors: [Tom Young, Devamanyu Hazarika, Soujanya Poria, Erik Cambria]})",[:CITES],"(:Paper {publication_year: 2015,paper_index: 1510.03820,title: A Sensitivity Analysis of (and Practitioners' Guide to) Convolutional
  Neural Networks for Sentence Classification,authors: [Ye Zhang, Byron Wallace]})"
"(:Paper {publication_year: 2017,paper_index: 1708.02709,title: Recent Trends in Deep Learning Based Natural Language Processing,authors: [Tom Young, Devamanyu Hazarika, Soujanya Poria, Erik Cambria]})",[:CITES],"(:Paper {publication_year: 2015,paper_index: 1511.05067,title: Joint Training of Generic CNN-CRF Models with Stochastic Optimization,authors: [Alexander Kirillov, Dmitrij Schlesinger, Shuai Zheng, Bogdan Savchynskyy, Philip H. S. Torr, Carsten Rother]})"
"(:Paper {publication_year: 2017,paper_index: 1708.02709,title: Recent Trends in Deep Learning Based Natural Language Processing,authors: [Tom Young, Devamanyu Hazarika, Soujanya Poria, Erik Cambria]})",[:CITES],"(:Paper {publication_year: 2016,paper_index: 1609.02748,title: INSIGHT-1 at SemEval-2016 Task 5: Deep Learning for Multilingual
  Aspect-based Sentiment Analysis,authors: [Sebastian Ruder, Parsa Ghaffari, John G. Breslin]})"
"(:Paper {publication_year: 2017,paper_index: 1708.02709,title: Recent Trends in Deep Learning Based Natural Language Processing,authors: [Tom Young, Devamanyu Hazarika, Soujanya Poria, Erik Cambria]})",[:CITES],"(:Paper {publication_year: 2016,paper_index: 1604.01178,title: Modeling Relational Information in Question-Answer Pairs with
  Convolutional Neural Networks,authors: [Aliaksei Severyn, Alessandro Moschitti]})"
"(:Paper {publication_year: 2017,paper_index: 1708.02709,title: Recent Trends in Deep Learning Based Natural Language Processing,authors: [Tom Young, Devamanyu Hazarika, Soujanya Poria, Erik Cambria]})",[:CITES],"(:Paper {publication_year: 2015,paper_index: 1503.02357,title: Context-Dependent Translation Selection Using Convolutional Neural
  Network,authors: [Zhaopeng Tu, Baotian Hu, Zhengdong Lu, Hang Li]})"
"(:Paper {publication_year: 2017,paper_index: 1708.02709,title: Recent Trends in Deep Learning Based Natural Language Processing,authors: [Tom Young, Devamanyu Hazarika, Soujanya Poria, Erik Cambria]})",[:CITES],"(:Paper {publication_year: 2014,paper_index: 1402.1128,title: Long Short-Term Memory Based Recurrent Neural Network Architectures for
  Large Vocabulary Speech Recognition,authors: [Haşim Sak, Andrew Senior, Françoise Beaufays]})"
"(:Paper {publication_year: 2017,paper_index: 1708.02709,title: Recent Trends in Deep Learning Based Natural Language Processing,authors: [Tom Young, Devamanyu Hazarika, Soujanya Poria, Erik Cambria]})",[:CITES],"(:Paper {publication_year: 2014,paper_index: 1412.3555,title: Empirical Evaluation of Gated Recurrent Neural Networks on Sequence
  Modeling,authors: [Junyoung Chung, Caglar Gulcehre, KyungHyun Cho, Yoshua Bengio]})"
"(:Paper {publication_year: 2017,paper_index: 1708.02709,title: Recent Trends in Deep Learning Based Natural Language Processing,authors: [Tom Young, Devamanyu Hazarika, Soujanya Poria, Erik Cambria]})",[:CITES],"(:Paper {publication_year: 2014,paper_index: 1406.1078,title: Learning Phrase Representations using RNN Encoder-Decoder for
  Statistical Machine Translation,authors: [Kyunghyun Cho, Bart van Merrienboer, Caglar Gulcehre, Dzmitry Bahdanau, Fethi Bougares, Holger Schwenk, Yoshua Bengio]})"
"(:Paper {publication_year: 2017,paper_index: 1708.02709,title: Recent Trends in Deep Learning Based Natural Language Processing,authors: [Tom Young, Devamanyu Hazarika, Soujanya Poria, Erik Cambria]})",[:CITES],"(:Paper {publication_year: 2016,paper_index: 1612.08083,title: Language Modeling with Gated Convolutional Networks,authors: [Yann N. Dauphin, Angela Fan, Michael Auli, David Grangier]})"
"(:Paper {publication_year: 2017,paper_index: 1708.02709,title: Recent Trends in Deep Learning Based Natural Language Processing,authors: [Tom Young, Devamanyu Hazarika, Soujanya Poria, Erik Cambria]})",[:CITES],"(:Paper {publication_year: 2017,paper_index: 1702.01923,title: Comparative Study of CNN and RNN for Natural Language Processing,authors: [Wenpeng Yin, Katharina Kann, Mo Yu, Hinrich Schütze]})"
"(:Paper {publication_year: 2017,paper_index: 1708.02709,title: Recent Trends in Deep Learning Based Natural Language Processing,authors: [Tom Young, Devamanyu Hazarika, Soujanya Poria, Erik Cambria]})",[:CITES],"(:Paper {publication_year: 2016,paper_index: 1603.01360,title: Neural Architectures for Named Entity Recognition,authors: [Guillaume Lample, Miguel Ballesteros, Sandeep Subramanian, Kazuya Kawakami, Chris Dyer]})"
"(:Paper {publication_year: 2017,paper_index: 1708.02709,title: Recent Trends in Deep Learning Based Natural Language Processing,authors: [Tom Young, Devamanyu Hazarika, Soujanya Poria, Erik Cambria]})",[:CITES],"(:Paper {publication_year: 2013,paper_index: 1308.0850,title: Generating Sequences With Recurrent Neural Networks,authors: [Alex Graves]})"
"(:Paper {publication_year: 2017,paper_index: 1708.02709,title: Recent Trends in Deep Learning Based Natural Language Processing,authors: [Tom Young, Devamanyu Hazarika, Soujanya Poria, Erik Cambria]})",[:CITES],"(:Paper {publication_year: 2015,paper_index: 1506.08909,title: The Ubuntu Dialogue Corpus: A Large Dataset for Research in Unstructured
  Multi-Turn Dialogue Systems,authors: [Ryan Lowe, Nissan Pow, Iulian Serban, Joelle Pineau]})"
"(:Paper {publication_year: 2017,paper_index: 1708.02709,title: Recent Trends in Deep Learning Based Natural Language Processing,authors: [Tom Young, Devamanyu Hazarika, Soujanya Poria, Erik Cambria]})",[:CITES],"(:Paper {publication_year: 2015,paper_index: 1506.05869,title: A Neural Conversational Model,authors: [Oriol Vinyals, Quoc Le]})"
"(:Paper {publication_year: 2017,paper_index: 1708.02709,title: Recent Trends in Deep Learning Based Natural Language Processing,authors: [Tom Young, Devamanyu Hazarika, Soujanya Poria, Erik Cambria]})",[:CITES],"(:Paper {publication_year: 2016,paper_index: 1603.06155,title: A Persona-Based Neural Conversation Model,authors: [Jiwei Li, Michel Galley, Chris Brockett, Georgios P. Spithourakis, Jianfeng Gao, Bill Dolan]})"
"(:Paper {publication_year: 2017,paper_index: 1708.02709,title: Recent Trends in Deep Learning Based Natural Language Processing,authors: [Tom Young, Devamanyu Hazarika, Soujanya Poria, Erik Cambria]})",[:CITES],"(:Paper {publication_year: 2014,paper_index: 1409.0473,title: Neural Machine Translation by Jointly Learning to Align and Translate,authors: [Dzmitry Bahdanau, Kyunghyun Cho, Yoshua Bengio]})"
"(:Paper {publication_year: 2018,paper_index: 1803.09780,title: Quantum Entanglement in Deep Learning Architectures,authors: [Yoav Levine, Or Sharir, Nadav Cohen, Amnon Shashua]})",[:CITES],"(:Paper {publication_year: 2014,paper_index: 1409.0473,title: Neural Machine Translation by Jointly Learning to Align and Translate,authors: [Dzmitry Bahdanau, Kyunghyun Cho, Yoshua Bengio]})"
"(:Paper {publication_year: 2017,paper_index: 1708.02709,title: Recent Trends in Deep Learning Based Natural Language Processing,authors: [Tom Young, Devamanyu Hazarika, Soujanya Poria, Erik Cambria]})",[:CITES],"(:Paper {publication_year: 2015,paper_index: 1509.00685,title: A Neural Attention Model for Abstractive Sentence Summarization,authors: [Alexander M. Rush, Sumit Chopra, Jason Weston]})"
"(:Paper {publication_year: 2017,paper_index: 1708.02709,title: Recent Trends in Deep Learning Based Natural Language Processing,authors: [Tom Young, Devamanyu Hazarika, Soujanya Poria, Erik Cambria]})",[:CITES],"(:Paper {publication_year: 2017,paper_index: 1705.04304,title: A Deep Reinforced Model for Abstractive Summarization,authors: [Romain Paulus, Caiming Xiong, Richard Socher]})"
"(:Paper {publication_year: 2017,paper_index: 1708.02709,title: Recent Trends in Deep Learning Based Natural Language Processing,authors: [Tom Young, Devamanyu Hazarika, Soujanya Poria, Erik Cambria]})",[:CITES],"(:Paper {publication_year: 2016,paper_index: 1605.08900,title: Aspect Level Sentiment Classification with Deep Memory Network,authors: [Duyu Tang, Bing Qin, Ting Liu]})"
"(:Paper {publication_year: 2017,paper_index: 1708.02709,title: Recent Trends in Deep Learning Based Natural Language Processing,authors: [Tom Young, Devamanyu Hazarika, Soujanya Poria, Erik Cambria]})",[:CITES],"(:Paper {publication_year: 2014,paper_index: 1410.3916,title: Memory Networks,authors: [Jason Weston, Sumit Chopra, Antoine Bordes]})"
"(:Paper {publication_year: 2017,paper_index: 1708.02709,title: Recent Trends in Deep Learning Based Natural Language Processing,authors: [Tom Young, Devamanyu Hazarika, Soujanya Poria, Erik Cambria]})",[:CITES],"(:Paper {publication_year: 2017,paper_index: 1706.03762,title: Attention Is All You Need,authors: [Ashish Vaswani, Noam Shazeer, Niki Parmar, Jakob Uszkoreit, Llion Jones, Aidan N. Gomez, Lukasz Kaiser, Illia Polosukhin]})"
"(:Paper {publication_year: 2017,paper_index: 1708.02709,title: Recent Trends in Deep Learning Based Natural Language Processing,authors: [Tom Young, Devamanyu Hazarika, Soujanya Poria, Erik Cambria]})",[:CITES],"(:Paper {publication_year: 2016,paper_index: 1607.06450,title: Layer Normalization,authors: [Jimmy Lei Ba, Jamie Ryan Kiros, Geoffrey E. Hinton]})"
"(:Paper {publication_year: 2018,paper_index: 1804.03235,title: Large scale distributed neural network training through online
  distillation,authors: [Rohan Anil, Gabriel Pereyra, Alexandre Passos, Robert Ormandi, George E. Dahl, Geoffrey E. Hinton]})",[:CITES],"(:Paper {publication_year: 2016,paper_index: 1607.06450,title: Layer Normalization,authors: [Jimmy Lei Ba, Jamie Ryan Kiros, Geoffrey E. Hinton]})"
"(:Paper {publication_year: 2017,paper_index: 1708.02709,title: Recent Trends in Deep Learning Based Natural Language Processing,authors: [Tom Young, Devamanyu Hazarika, Soujanya Poria, Erik Cambria]})",[:CITES],"(:Paper {publication_year: 2014,paper_index: 1406.1827,title: Recursive Neural Networks Can Learn Logical Semantics,authors: [Samuel R. Bowman, Christopher Potts, Christopher D. Manning]})"
"(:Paper {publication_year: 2017,paper_index: 1708.02709,title: Recent Trends in Deep Learning Based Natural Language Processing,authors: [Tom Young, Devamanyu Hazarika, Soujanya Poria, Erik Cambria]})",[:CITES],"(:Paper {publication_year: 2015,paper_index: 1503.00075,title: Improved Semantic Representations From Tree-Structured Long Short-Term
  Memory Networks,authors: [Kai Sheng Tai, Richard Socher, Christopher D. Manning]})"
"(:Paper {publication_year: 2017,paper_index: 1708.02709,title: Recent Trends in Deep Learning Based Natural Language Processing,authors: [Tom Young, Devamanyu Hazarika, Soujanya Poria, Erik Cambria]})",[:CITES],"(:Paper {publication_year: 2015,paper_index: 1511.06732,title: Sequence Level Training with Recurrent Neural Networks,authors: [Marc'Aurelio Ranzato, Sumit Chopra, Michael Auli, Wojciech Zaremba]})"
"(:Paper {publication_year: 2017,paper_index: 1708.02709,title: Recent Trends in Deep Learning Based Natural Language Processing,authors: [Tom Young, Devamanyu Hazarika, Soujanya Poria, Erik Cambria]})",[:CITES],"(:Paper {publication_year: 2016,paper_index: 1606.01541,title: Deep Reinforcement Learning for Dialogue Generation,authors: [Jiwei Li, Will Monroe, Alan Ritter, Michel Galley, Jianfeng Gao, Dan Jurafsky]})"
"(:Paper {publication_year: 2017,paper_index: 1708.02709,title: Recent Trends in Deep Learning Based Natural Language Processing,authors: [Tom Young, Devamanyu Hazarika, Soujanya Poria, Erik Cambria]})",[:CITES],"(:Paper {publication_year: 2016,paper_index: 1605.07669,title: On-line Active Reward Learning for Policy Optimisation in Spoken
  Dialogue Systems,authors: [Pei-Hao Su, Milica Gasic, Nikola Mrksic, Lina Rojas-Barahona, Stefan Ultes, David Vandyke, Tsung-Hsien Wen, Steve Young]})"
"(:Paper {publication_year: 2017,paper_index: 1708.02709,title: Recent Trends in Deep Learning Based Natural Language Processing,authors: [Tom Young, Devamanyu Hazarika, Soujanya Poria, Erik Cambria]})",[:CITES],"(:Paper {publication_year: 2017,paper_index: 1701.06547,title: Adversarial Learning for Neural Dialogue Generation,authors: [Jiwei Li, Will Monroe, Tianlin Shi, Sébastien Jean, Alan Ritter, Dan Jurafsky]})"
"(:Paper {publication_year: 2017,paper_index: 1708.02709,title: Recent Trends in Deep Learning Based Natural Language Processing,authors: [Tom Young, Devamanyu Hazarika, Soujanya Poria, Erik Cambria]})",[:CITES],"(:Paper {publication_year: 2013,paper_index: 1312.6114,title: Auto-Encoding Variational Bayes,authors: [Diederik P Kingma, Max Welling]})"
"(:Paper {publication_year: 2017,paper_index: 1712.04741,title: Mathematics of Deep Learning,authors: [Rene Vidal, Joan Bruna, Raja Giryes, Stefano Soatto]})",[:CITES],"(:Paper {publication_year: 2013,paper_index: 1312.6114,title: Auto-Encoding Variational Bayes,authors: [Diederik P Kingma, Max Welling]})"
"(:Paper {publication_year: 2017,paper_index: 1708.02709,title: Recent Trends in Deep Learning Based Natural Language Processing,authors: [Tom Young, Devamanyu Hazarika, Soujanya Poria, Erik Cambria]})",[:CITES],"(:Paper {publication_year: 2015,paper_index: 1511.06349,title: Generating Sentences from a Continuous Space,authors: [Samuel R. Bowman, Luke Vilnis, Oriol Vinyals, Andrew M. Dai, Rafal Jozefowicz, Samy Bengio]})"
"(:Paper {publication_year: 2017,paper_index: 1708.02709,title: Recent Trends in Deep Learning Based Natural Language Processing,authors: [Tom Young, Devamanyu Hazarika, Soujanya Poria, Erik Cambria]})",[:CITES],"(:Paper {publication_year: 2017,paper_index: 1703.00955,title: Toward Controlled Generation of Text,authors: [Zhiting Hu, Zichao Yang, Xiaodan Liang, Ruslan Salakhutdinov, Eric P. Xing]})"
"(:Paper {publication_year: 2017,paper_index: 1708.02709,title: Recent Trends in Deep Learning Based Natural Language Processing,authors: [Tom Young, Devamanyu Hazarika, Soujanya Poria, Erik Cambria]})",[:CITES],"(:Paper {publication_year: 2017,paper_index: 1705.10929,title: Adversarial Generation of Natural Language,authors: [Sai Rajeswar, Sandeep Subramanian, Francis Dutil, Christopher Pal, Aaron Courville]})"
"(:Paper {publication_year: 2017,paper_index: 1708.02709,title: Recent Trends in Deep Learning Based Natural Language Processing,authors: [Tom Young, Devamanyu Hazarika, Soujanya Poria, Erik Cambria]})",[:CITES],"(:Paper {publication_year: 2015,paper_index: 1508.01991,title: Bidirectional LSTM-CRF Models for Sequence Tagging,authors: [Zhiheng Huang, Wei Xu, Kai Yu]})"
"(:Paper {publication_year: 2017,paper_index: 1708.02709,title: Recent Trends in Deep Learning Based Natural Language Processing,authors: [Tom Young, Devamanyu Hazarika, Soujanya Poria, Erik Cambria]})",[:CITES],"(:Paper {publication_year: 2016,paper_index: 1603.06042,title: Globally Normalized Transition-Based Neural Networks,authors: [Daniel Andor, Chris Alberti, David Weiss, Aliaksei Severyn, Alessandro Presta, Kuzman Ganchev, Slav Petrov, Michael Collins]})"
"(:Paper {publication_year: 2017,paper_index: 1708.02709,title: Recent Trends in Deep Learning Based Natural Language Processing,authors: [Tom Young, Devamanyu Hazarika, Soujanya Poria, Erik Cambria]})",[:CITES],"(:Paper {publication_year: 2015,paper_index: 1505.08075,title: Transition-Based Dependency Parsing with Stack Long Short-Term Memory,authors: [Chris Dyer, Miguel Ballesteros, Wang Ling, Austin Matthews, Noah A. Smith]})"
"(:Paper {publication_year: 2017,paper_index: 1708.02709,title: Recent Trends in Deep Learning Based Natural Language Processing,authors: [Tom Young, Devamanyu Hazarika, Soujanya Poria, Erik Cambria]})",[:CITES],"(:Paper {publication_year: 2015,paper_index: 1506.06158,title: Structured Training for Neural Network Transition-Based Parsing,authors: [David Weiss, Chris Alberti, Michael Collins, Slav Petrov]})"
"(:Paper {publication_year: 2017,paper_index: 1708.02709,title: Recent Trends in Deep Learning Based Natural Language Processing,authors: [Tom Young, Devamanyu Hazarika, Soujanya Poria, Erik Cambria]})",[:CITES],"(:Paper {publication_year: 2014,paper_index: 1404.5367,title: Lexicon Infused Phrase Embeddings for Named Entity Resolution,authors: [Alexandre Passos, Vineet Kumar, Andrew McCallum]})"
"(:Paper {publication_year: 2017,paper_index: 1708.02709,title: Recent Trends in Deep Learning Based Natural Language Processing,authors: [Tom Young, Devamanyu Hazarika, Soujanya Poria, Erik Cambria]})",[:CITES],"(:Paper {publication_year: 2015,paper_index: 1511.08308,title: Named Entity Recognition with Bidirectional LSTM-CNNs,authors: [Jason P. C. Chiu, Eric Nichols]})"
"(:Paper {publication_year: 2017,paper_index: 1708.02709,title: Recent Trends in Deep Learning Based Natural Language Processing,authors: [Tom Young, Devamanyu Hazarika, Soujanya Poria, Erik Cambria]})",[:CITES],"(:Paper {publication_year: 2017,paper_index: 1702.02098,title: Fast and Accurate Entity Recognition with Iterated Dilated Convolutions,authors: [Emma Strubell, Patrick Verga, David Belanger, Andrew McCallum]})"
"(:Paper {publication_year: 2017,paper_index: 1708.02709,title: Recent Trends in Deep Learning Based Natural Language Processing,authors: [Tom Young, Devamanyu Hazarika, Soujanya Poria, Erik Cambria]})",[:CITES],"(:Paper {publication_year: 2016,paper_index: 1609.08144,title: Google's Neural Machine Translation System: Bridging the Gap between
  Human and Machine Translation,authors: [Yonghui Wu, Mike Schuster, Zhifeng Chen, Quoc V. Le, Mohammad Norouzi, Wolfgang Macherey, Maxim Krikun, Yuan Cao, Qin Gao, Klaus Macherey, Jeff Klingner, Apurva Shah, Melvin Johnson, Xiaobing Liu, Łukasz Kaiser, Stephan Gouws, Yoshikiyo Kato, Taku Kudo, Hideto Kazawa, Keith Stevens, George Kurian, Nishant Patil, Wei Wang, Cliff Young, Jason Smith, Jason Riesa, Alex Rudnick, Oriol Vinyals, Greg Corrado, Macduff Hughes, Jeffrey Dean]})"
"(:Paper {publication_year: 2018,paper_index: 1804.03235,title: Large scale distributed neural network training through online
  distillation,authors: [Rohan Anil, Gabriel Pereyra, Alexandre Passos, Robert Ormandi, George E. Dahl, Geoffrey E. Hinton]})",[:CITES],"(:Paper {publication_year: 2016,paper_index: 1609.08144,title: Google's Neural Machine Translation System: Bridging the Gap between
  Human and Machine Translation,authors: [Yonghui Wu, Mike Schuster, Zhifeng Chen, Quoc V. Le, Mohammad Norouzi, Wolfgang Macherey, Maxim Krikun, Yuan Cao, Qin Gao, Klaus Macherey, Jeff Klingner, Apurva Shah, Melvin Johnson, Xiaobing Liu, Łukasz Kaiser, Stephan Gouws, Yoshikiyo Kato, Taku Kudo, Hideto Kazawa, Keith Stevens, George Kurian, Nishant Patil, Wei Wang, Cliff Young, Jason Smith, Jason Riesa, Alex Rudnick, Oriol Vinyals, Greg Corrado, Macduff Hughes, Jeffrey Dean]})"
"(:Paper {publication_year: 2017,paper_index: 1708.02709,title: Recent Trends in Deep Learning Based Natural Language Processing,authors: [Tom Young, Devamanyu Hazarika, Soujanya Poria, Erik Cambria]})",[:CITES],"(:Paper {publication_year: 2017,paper_index: 1705.03122,title: Convolutional Sequence to Sequence Learning,authors: [Jonas Gehring, Michael Auli, David Grangier, Denis Yarats, Yann N. Dauphin]})"
"(:Paper {publication_year: 2017,paper_index: 1708.02709,title: Recent Trends in Deep Learning Based Natural Language Processing,authors: [Tom Young, Devamanyu Hazarika, Soujanya Poria, Erik Cambria]})",[:CITES],"(:Paper {publication_year: 2015,paper_index: 1502.05698,title: Towards AI-Complete Question Answering: A Set of Prerequisite Toy Tasks,authors: [Jason Weston, Antoine Bordes, Sumit Chopra, Alexander M. Rush, Bart van Merriënboer, Armand Joulin, Tomas Mikolov]})"
"(:Paper {publication_year: 2017,paper_index: 1708.02709,title: Recent Trends in Deep Learning Based Natural Language Processing,authors: [Tom Young, Devamanyu Hazarika, Soujanya Poria, Erik Cambria]})",[:CITES],"(:Paper {publication_year: 2016,paper_index: 1606.05250,title: SQuAD: 100,000+ Questions for Machine Comprehension of Text,authors: [Pranav Rajpurkar, Jian Zhang, Konstantin Lopyrev, Percy Liang]})"
"(:Paper {publication_year: 2017,paper_index: 1708.02709,title: Recent Trends in Deep Learning Based Natural Language Processing,authors: [Tom Young, Devamanyu Hazarika, Soujanya Poria, Erik Cambria]})",[:CITES],"(:Paper {publication_year: 2017,paper_index: 1704.00051,title: Reading Wikipedia to Answer Open-Domain Questions,authors: [Danqi Chen, Adam Fisch, Jason Weston, Antoine Bordes]})"
"(:Paper {publication_year: 2017,paper_index: 1708.02709,title: Recent Trends in Deep Learning Based Natural Language Processing,authors: [Tom Young, Devamanyu Hazarika, Soujanya Poria, Erik Cambria]})",[:CITES],"(:Paper {publication_year: 2018,paper_index: 1804.09541,title: QANet: Combining Local Convolution with Global Self-Attention for
  Reading Comprehension,authors: [Adams Wei Yu, David Dohan, Minh-Thang Luong, Rui Zhao, Kai Chen, Mohammad Norouzi, Quoc V. Le]})"
"(:Paper {publication_year: 2017,paper_index: 1708.02709,title: Recent Trends in Deep Learning Based Natural Language Processing,authors: [Tom Young, Devamanyu Hazarika, Soujanya Poria, Erik Cambria]})",[:CITES],"(:Paper {publication_year: 2015,paper_index: 1506.06714,title: A Neural Network Approach to Context-Sensitive Generation of
  Conversational Responses,authors: [Alessandro Sordoni, Michel Galley, Michael Auli, Chris Brockett, Yangfeng Ji, Margaret Mitchell, Jian-Yun Nie, Jianfeng Gao, Bill Dolan]})"
"(:Paper {publication_year: 2017,paper_index: 1708.02709,title: Recent Trends in Deep Learning Based Natural Language Processing,authors: [Tom Young, Devamanyu Hazarika, Soujanya Poria, Erik Cambria]})",[:CITES],"(:Paper {publication_year: 2015,paper_index: 1510.03055,title: A Diversity-Promoting Objective Function for Neural Conversation Models,authors: [Jiwei Li, Michel Galley, Chris Brockett, Jianfeng Gao, Bill Dolan]})"
"(:Paper {publication_year: 2017,paper_index: 1708.02709,title: Recent Trends in Deep Learning Based Natural Language Processing,authors: [Tom Young, Devamanyu Hazarika, Soujanya Poria, Erik Cambria]})",[:CITES],"(:Paper {publication_year: 2015,paper_index: 1511.06931,title: Evaluating Prerequisite Qualities for Learning End-to-End Dialog Systems,authors: [Jesse Dodge, Andreea Gane, Xiang Zhang, Antoine Bordes, Sumit Chopra, Alexander Miller, Arthur Szlam, Jason Weston]})"
"(:Paper {publication_year: 2017,paper_index: 1708.02709,title: Recent Trends in Deep Learning Based Natural Language Processing,authors: [Tom Young, Devamanyu Hazarika, Soujanya Poria, Erik Cambria]})",[:CITES],"(:Paper {publication_year: 2015,paper_index: 1508.05326,title: A large annotated corpus for learning natural language inference,authors: [Samuel R. Bowman, Gabor Angeli, Christopher Potts, Christopher D. Manning]})"
"(:Paper {publication_year: 2017,paper_index: 1708.02709,title: Recent Trends in Deep Learning Based Natural Language Processing,authors: [Tom Young, Devamanyu Hazarika, Soujanya Poria, Erik Cambria]})",[:CITES],"(:Paper {publication_year: 2017,paper_index: 1712.03556,title: Stochastic Answer Networks for Machine Reading Comprehension,authors: [Xiaodong Liu, Yelong Shen, Kevin Duh, Jianfeng Gao]})"
"(:Paper {publication_year: 2017,paper_index: 1708.02709,title: Recent Trends in Deep Learning Based Natural Language Processing,authors: [Tom Young, Devamanyu Hazarika, Soujanya Poria, Erik Cambria]})",[:CITES],"(:Paper {publication_year: 2018,paper_index: 1804.07461,title: GLUE: A Multi-Task Benchmark and Analysis Platform for Natural Language
  Understanding,authors: [Alex Wang, Amanpreet Singh, Julian Michael, Felix Hill, Omer Levy, Samuel R. Bowman]})"
"(:Paper {publication_year: 2017,paper_index: 1708.02709,title: Recent Trends in Deep Learning Based Natural Language Processing,authors: [Tom Young, Devamanyu Hazarika, Soujanya Poria, Erik Cambria]})",[:CITES],"(:Paper {publication_year: 2017,paper_index: 1708.00055,title: SemEval-2017 Task 1: Semantic Textual Similarity - Multilingual and
  Cross-lingual Focused Evaluation,authors: [Daniel Cer, Mona Diab, Eneko Agirre, Iñigo Lopez-Gazpio, Lucia Specia]})"
"(:Paper {publication_year: 2017,paper_index: 1708.02709,title: Recent Trends in Deep Learning Based Natural Language Processing,authors: [Tom Young, Devamanyu Hazarika, Soujanya Poria, Erik Cambria]})",[:CITES],"(:Paper {publication_year: 2017,paper_index: 1705.09406,title: Multimodal Machine Learning: A Survey and Taxonomy,authors: [Tadas Baltrušaitis, Chaitanya Ahuja, Louis-Philippe Morency]})"
"(:Paper {publication_year: 2017,paper_index: 1710.11431,title: Physics-guided Neural Networks (PGNN): An Application in Lake
  Temperature Modeling,authors: [Arka Daw, Anuj Karpatne, William Watkins, Jordan Read, Vipin Kumar]})",[:CITES],"(:Paper {publication_year: 2012,paper_index: 1212.5701,title: ADADELTA: An Adaptive Learning Rate Method,authors: [Matthew D. Zeiler]})"
"(:Paper {publication_year: 2018,paper_index: 1803.09780,title: Quantum Entanglement in Deep Learning Architectures,authors: [Yoav Levine, Or Sharir, Nadav Cohen, Amnon Shashua]})",[:CITES],"(:Paper {publication_year: 2014,paper_index: 1409.1556,title: Very Deep Convolutional Networks for Large-Scale Image Recognition,authors: [Karen Simonyan, Andrew Zisserman]})"
"(:Paper {publication_year: 2018,paper_index: 1804.08071,title: Decoupled Networks,authors: [Weiyang Liu, Zhen Liu, Zhiding Yu, Bo Dai, Rongmei Lin, Yisen Wang, James M. Rehg, Le Song]})",[:CITES],"(:Paper {publication_year: 2014,paper_index: 1409.1556,title: Very Deep Convolutional Networks for Large-Scale Image Recognition,authors: [Karen Simonyan, Andrew Zisserman]})"
"(:Paper {publication_year: 2018,paper_index: 1804.04438,title: Pooling is neither necessary nor sufficient for appropriate deformation
  stability in CNNs,authors: [Avraham Ruderman, Neil C. Rabinowitz, Ari S. Morcos, Daniel Zoran]})",[:CITES],"(:Paper {publication_year: 2014,paper_index: 1409.1556,title: Very Deep Convolutional Networks for Large-Scale Image Recognition,authors: [Karen Simonyan, Andrew Zisserman]})"
"(:Paper {publication_year: 2017,paper_index: 1704.01552,title: Deep Learning and Quantum Entanglement: Fundamental Connections with
  Implications to Network Design,authors: [Yoav Levine, David Yakira, Nadav Cohen, Amnon Shashua]})",[:CITES],"(:Paper {publication_year: 2014,paper_index: 1409.1556,title: Very Deep Convolutional Networks for Large-Scale Image Recognition,authors: [Karen Simonyan, Andrew Zisserman]})"
"(:Paper {publication_year: 2018,paper_index: 1803.09780,title: Quantum Entanglement in Deep Learning Architectures,authors: [Yoav Levine, Or Sharir, Nadav Cohen, Amnon Shashua]})",[:CITES],"(:Paper {publication_year: 2016,paper_index: 1610.04167,title: Tensorial Mixture Models,authors: [Or Sharir, Ronen Tamari, Nadav Cohen, Amnon Shashua]})"
"(:Paper {publication_year: 2017,paper_index: 1704.01552,title: Deep Learning and Quantum Entanglement: Fundamental Connections with
  Implications to Network Design,authors: [Yoav Levine, David Yakira, Nadav Cohen, Amnon Shashua]})",[:CITES],"(:Paper {publication_year: 2016,paper_index: 1610.04167,title: Tensorial Mixture Models,authors: [Or Sharir, Ronen Tamari, Nadav Cohen, Amnon Shashua]})"
"(:Paper {publication_year: 2018,paper_index: 1803.09780,title: Quantum Entanglement in Deep Learning Architectures,authors: [Yoav Levine, Or Sharir, Nadav Cohen, Amnon Shashua]})",[:CITES],"(:Paper {publication_year: 2018,paper_index: 1802.09558,title: Constructing exact representations of quantum many-body systems with
  deep neural networks,authors: [Giuseppe Carleo, Yusuke Nomura, Masatoshi Imada]})"
"(:Paper {publication_year: 2018,paper_index: 1803.09780,title: Quantum Entanglement in Deep Learning Architectures,authors: [Yoav Levine, Or Sharir, Nadav Cohen, Amnon Shashua]})",[:CITES],"(:Paper {publication_year: 2017,paper_index: 1710.09431,title: On the Long-Term Memory of Deep Recurrent Networks,authors: [Yoav Levine, Or Sharir, Alon Ziv, Amnon Shashua]})"
"(:Paper {publication_year: 2018,paper_index: 1804.08071,title: Decoupled Networks,authors: [Weiyang Liu, Zhen Liu, Zhiding Yu, Bo Dai, Rongmei Lin, Yisen Wang, James M. Rehg, Le Song]})",[:CITES],"(:Paper {publication_year: 2017,paper_index: 1703.09507,title: L2-constrained Softmax Loss for Discriminative Face Verification,authors: [Rajeev Ranjan, Carlos D. Castillo, Rama Chellappa]})"
"(:Paper {publication_year: 2018,paper_index: 1804.08071,title: Decoupled Networks,authors: [Weiyang Liu, Zhen Liu, Zhiding Yu, Bo Dai, Rongmei Lin, Yisen Wang, James M. Rehg, Le Song]})",[:CITES],"(:Paper {publication_year: 2015,paper_index: 1511.07289,title: Fast and Accurate Deep Network Learning by Exponential Linear Units
  (ELUs),authors: [Djork-Arné Clevert, Thomas Unterthiner, Sepp Hochreiter]})"
"(:Paper {publication_year: 2018,paper_index: 1802.02840,title: Neural Network Renormalization Group,authors: [Shuo-Hui Li, Lei Wang]})",[:CITES],"(:Paper {publication_year: 2015,paper_index: 1511.07289,title: Fast and Accurate Deep Network Learning by Exponential Linear Units
  (ELUs),authors: [Djork-Arné Clevert, Thomas Unterthiner, Sepp Hochreiter]})"
"(:Paper {publication_year: 2018,paper_index: 1804.08071,title: Decoupled Networks,authors: [Weiyang Liu, Zhen Liu, Zhiding Yu, Bo Dai, Rongmei Lin, Yisen Wang, James M. Rehg, Le Song]})",[:CITES],"(:Paper {publication_year: 2014,paper_index: 1412.6572,title: Explaining and Harnessing Adversarial Examples,authors: [Ian J. Goodfellow, Jonathon Shlens, Christian Szegedy]})"
"(:Paper {publication_year: 2018,paper_index: 1804.08071,title: Decoupled Networks,authors: [Weiyang Liu, Zhen Liu, Zhiding Yu, Bo Dai, Rongmei Lin, Yisen Wang, James M. Rehg, Le Song]})",[:CITES],"(:Paper {publication_year: 2013,paper_index: 1312.6199,title: Intriguing properties of neural networks,authors: [Christian Szegedy, Wojciech Zaremba, Ilya Sutskever, Joan Bruna, Dumitru Erhan, Ian Goodfellow, Rob Fergus]})"
"(:Paper {publication_year: 2018,paper_index: 1804.08071,title: Decoupled Networks,authors: [Weiyang Liu, Zhen Liu, Zhiding Yu, Bo Dai, Rongmei Lin, Yisen Wang, James M. Rehg, Le Song]})",[:CITES],"(:Paper {publication_year: 2017,paper_index: 1705.07204,title: Ensemble Adversarial Training: Attacks and Defenses,authors: [Florian Tramèr, Alexey Kurakin, Nicolas Papernot, Ian Goodfellow, Dan Boneh, Patrick McDaniel]})"
"(:Paper {publication_year: 2018,paper_index: 1804.08071,title: Decoupled Networks,authors: [Weiyang Liu, Zhen Liu, Zhiding Yu, Bo Dai, Rongmei Lin, Yisen Wang, James M. Rehg, Le Song]})",[:CITES],"(:Paper {publication_year: 2018,paper_index: 1801.05599,title: Additive Margin Softmax for Face Verification,authors: [Feng Wang, Weiyang Liu, Haijun Liu, Jian Cheng]})"
"(:Paper {publication_year: 2018,paper_index: 1804.08071,title: Decoupled Networks,authors: [Weiyang Liu, Zhen Liu, Zhiding Yu, Bo Dai, Rongmei Lin, Yisen Wang, James M. Rehg, Le Song]})",[:CITES],"(:Paper {publication_year: 2017,paper_index: 1704.06369,title: NormFace: L2 Hypersphere Embedding for Face Verification,authors: [Feng Wang, Xiang Xiang, Jian Cheng, Alan L. Yuille]})"
"(:Paper {publication_year: 2018,paper_index: 1804.08071,title: Decoupled Networks,authors: [Weiyang Liu, Zhen Liu, Zhiding Yu, Bo Dai, Rongmei Lin, Yisen Wang, James M. Rehg, Le Song]})",[:CITES],"(:Paper {publication_year: 2016,paper_index: 1611.01236,title: Adversarial Machine Learning at Scale,authors: [Alexey Kurakin, Ian Goodfellow, Samy Bengio]})"
"(:Paper {publication_year: 2018,paper_index: 1804.08071,title: Decoupled Networks,authors: [Weiyang Liu, Zhen Liu, Zhiding Yu, Bo Dai, Rongmei Lin, Yisen Wang, James M. Rehg, Le Song]})",[:CITES],"(:Paper {publication_year: 2017,paper_index: 1705.10284,title: Feature Incay for Representation Regularization,authors: [Yuhui Yuan, Kuiyuan Yang, Chao Zhang]})"
"(:Paper {publication_year: 2018,paper_index: 1804.08071,title: Decoupled Networks,authors: [Weiyang Liu, Zhen Liu, Zhiding Yu, Bo Dai, Rongmei Lin, Yisen Wang, James M. Rehg, Le Song]})",[:CITES],"(:Paper {publication_year: 2017,paper_index: 1710.00870,title: Rethinking Feature Discrimination and Polymerization for Large-scale
  Recognition,authors: [Yu Liu, Hongyang Li, Xiaogang Wang]})"
"(:Paper {publication_year: 2018,paper_index: 1804.08071,title: Decoupled Networks,authors: [Weiyang Liu, Zhen Liu, Zhiding Yu, Bo Dai, Rongmei Lin, Yisen Wang, James M. Rehg, Le Song]})",[:CITES],"(:Paper {publication_year: 2016,paper_index: 1610.08401,title: Universal adversarial perturbations,authors: [Seyed-Mohsen Moosavi-Dezfooli, Alhussein Fawzi, Omar Fawzi, Pascal Frossard]})"
"(:Paper {publication_year: 2018,paper_index: 1804.08071,title: Decoupled Networks,authors: [Weiyang Liu, Zhen Liu, Zhiding Yu, Bo Dai, Rongmei Lin, Yisen Wang, James M. Rehg, Le Song]})",[:CITES],"(:Paper {publication_year: 2016,paper_index: 1610.00768,title: Technical Report on the CleverHans v2.1.0 Adversarial Examples Library,authors: [Nicolas Papernot, Fartash Faghri, Nicholas Carlini, Ian Goodfellow, Reuben Feinman, Alexey Kurakin, Cihang Xie, Yash Sharma, Tom Brown, Aurko Roy, Alexander Matyasko, Vahid Behzadan, Karen Hambardzumyan, Zhishuai Zhang, Yi-Lin Juang, Zhi Li, Ryan Sheatsley, Abhibhav Garg, Jonathan Uesato, Willi Gierke, Yinpeng Dong, David Berthelot, Paul Hendricks, Jonas Rauber, Rujun Long, Patrick McDaniel]})"
"(:Paper {publication_year: 2018,paper_index: 1804.04438,title: Pooling is neither necessary nor sufficient for appropriate deformation
  stability in CNNs,authors: [Avraham Ruderman, Neil C. Rabinowitz, Ari S. Morcos, Daniel Zoran]})",[:CITES],"(:Paper {publication_year: 2017,paper_index: 1706.03078,title: Group Invariance, Stability to Deformations, and Complexity of Deep
  Convolutional Representations,authors: [Alberto Bietti, Julien Mairal]})"
"(:Paper {publication_year: 2018,paper_index: 1804.04438,title: Pooling is neither necessary nor sufficient for appropriate deformation
  stability in CNNs,authors: [Avraham Ruderman, Neil C. Rabinowitz, Ari S. Morcos, Daniel Zoran]})",[:CITES],"(:Paper {publication_year: 2015,paper_index: 1507.06535,title: Manitest: Are classifiers really invariant?,authors: [Alhussein Fawzi, Pascal Frossard]})"
"(:Paper {publication_year: 2018,paper_index: 1804.04438,title: Pooling is neither necessary nor sufficient for appropriate deformation
  stability in CNNs,authors: [Avraham Ruderman, Neil C. Rabinowitz, Ari S. Morcos, Daniel Zoran]})",[:CITES],"(:Paper {publication_year: 2017,paper_index: 1711.09115,title: Geometric robustness of deep networks: analysis and improvement,authors: [Can Kanbak, Seyed-Mohsen Moosavi-Dezfooli, Pascal Frossard]})"
"(:Paper {publication_year: 2018,paper_index: 1804.04438,title: Pooling is neither necessary nor sufficient for appropriate deformation
  stability in CNNs,authors: [Avraham Ruderman, Neil C. Rabinowitz, Ari S. Morcos, Daniel Zoran]})",[:CITES],"(:Paper {publication_year: 2014,paper_index: 1412.6806,title: Striving for Simplicity: The All Convolutional Net,authors: [Jost Tobias Springenberg, Alexey Dosovitskiy, Thomas Brox, Martin Riedmiller]})"
"(:Paper {publication_year: 2018,paper_index: 1802.02840,title: Neural Network Renormalization Group,authors: [Shuo-Hui Li, Lei Wang]})",[:CITES],"(:Paper {publication_year: 2015,paper_index: 1502.05385,title: Tensor network renormalization yields the multi-scale entanglement
  renormalization ansatz,authors: [Glen Evenbly, Guifre Vidal]})"
"(:Paper {publication_year: 2018,paper_index: 1802.02840,title: Neural Network Renormalization Group,authors: [Shuo-Hui Li, Lei Wang]})",[:CITES],"(:Paper {publication_year: 2017,paper_index: 1703.00365,title: Renormalization group flows of Hamiltonians using tensor networks,authors: [Matthias Bal, Michaël Mariën, Jutho Haegeman, Frank Verstraete]})"
"(:Paper {publication_year: 2018,paper_index: 1802.02840,title: Neural Network Renormalization Group,authors: [Shuo-Hui Li, Lei Wang]})",[:CITES],"(:Paper {publication_year: 2013,paper_index: 1301.3124,title: Deep learning and the renormalization group,authors: [Cédric Bény]})"
"(:Paper {publication_year: 2017,paper_index: 1704.01552,title: Deep Learning and Quantum Entanglement: Fundamental Connections with
  Implications to Network Design,authors: [Yoav Levine, David Yakira, Nadav Cohen, Amnon Shashua]})",[:CITES],"(:Paper {publication_year: 2013,paper_index: 1301.3124,title: Deep learning and the renormalization group,authors: [Cédric Bény]})"
"(:Paper {publication_year: 2018,paper_index: 1802.02840,title: Neural Network Renormalization Group,authors: [Shuo-Hui Li, Lei Wang]})",[:CITES],"(:Paper {publication_year: 2016,paper_index: 1610.09733,title: PCA meets RG,authors: [Serena Bradde, William Bialek]})"
"(:Paper {publication_year: 2018,paper_index: 1802.02840,title: Neural Network Renormalization Group,authors: [Shuo-Hui Li, Lei Wang]})",[:CITES],"(:Paper {publication_year: 2008,paper_index: 0807.2010,title: Tensor-entanglement renormalization group approach to topological phases,authors: [Zheng-Cheng Gu, Michael Levin, Xiao-Gang Wen]})"
"(:Paper {publication_year: 2018,paper_index: 1802.02840,title: Neural Network Renormalization Group,authors: [Shuo-Hui Li, Lei Wang]})",[:CITES],"(:Paper {publication_year: 2009,paper_index: 0903.1069,title: Tensor-Entanglement-Filtering Renormalization Approach and Symmetry
  Protected Topological Order,authors: [Zheng-Cheng Gu, Xiao-Gang Wen]})"
"(:Paper {publication_year: 2018,paper_index: 1802.02840,title: Neural Network Renormalization Group,authors: [Shuo-Hui Li, Lei Wang]})",[:CITES],"(:Paper {publication_year: 2017,paper_index: 1704.06279,title: Mutual Information, Neural Networks and the Renormalization Group,authors: [Maciej Koch-Janusz, Zohar Ringel]})"
"(:Paper {publication_year: 2018,paper_index: 1802.02840,title: Neural Network Renormalization Group,authors: [Shuo-Hui Li, Lei Wang]})",[:CITES],"(:Paper {publication_year: 2010,paper_index: 1002.1405,title: Renormalization of tensor-network states,authors: [H. H. Zhao, Z. Y. Xie, Q. N. Chen, Z. C. Wei, J. W. Cai, T. Xiang]})"
"(:Paper {publication_year: 2018,paper_index: 1802.02840,title: Neural Network Renormalization Group,authors: [Shuo-Hui Li, Lei Wang]})",[:CITES],"(:Paper {publication_year: 2018,paper_index: 1803.06111,title: Vulnerability of Deep Learning,authors: [Richard Kenway]})"
"(:Paper {publication_year: 2018,paper_index: 1802.02840,title: Neural Network Renormalization Group,authors: [Shuo-Hui Li, Lei Wang]})",[:CITES],"(:Paper {publication_year: 2016,paper_index: 1608.08225,title: Why does deep and cheap learning work so well?,authors: [Henry W. Lin, Max Tegmark, David Rolnick]})"
"(:Paper {publication_year: 2017,paper_index: 1704.01552,title: Deep Learning and Quantum Entanglement: Fundamental Connections with
  Implications to Network Design,authors: [Yoav Levine, David Yakira, Nadav Cohen, Amnon Shashua]})",[:CITES],"(:Paper {publication_year: 2016,paper_index: 1608.08225,title: Why does deep and cheap learning work so well?,authors: [Henry W. Lin, Max Tegmark, David Rolnick]})"
"(:Paper {publication_year: 2018,paper_index: 1802.02840,title: Neural Network Renormalization Group,authors: [Shuo-Hui Li, Lei Wang]})",[:CITES],"(:Paper {publication_year: 2012,paper_index: 1201.1144,title: Coarse-graining renormalization by higher-order singular value
  decomposition,authors: [Z. Y. Xie, J. Chen, M. P. Qin, J. W. Zhu, L. P. Yang, T. Xiang]})"
"(:Paper {publication_year: 2018,paper_index: 1802.02840,title: Neural Network Renormalization Group,authors: [Shuo-Hui Li, Lei Wang]})",[:CITES],"(:Paper {publication_year: 2016,paper_index: 1609.03541,title: Comment on \""Why does deep and cheap learning work so well?\""
  [arXiv:1608.08225],authors: [David J. Schwab, Pankaj Mehta]})"
"(:Paper {publication_year: 2018,paper_index: 1802.02840,title: Neural Network Renormalization Group,authors: [Shuo-Hui Li, Lei Wang]})",[:CITES],"(:Paper {publication_year: 2013,paper_index: 1301.6323,title: Real Space Renormalization in Statistical Mechanics,authors: [Efi Efrati, Zhe Wang, Amy Kolan, Leo P. Kadanoff]})"
"(:Paper {publication_year: 2018,paper_index: 1802.02840,title: Neural Network Renormalization Group,authors: [Shuo-Hui Li, Lei Wang]})",[:CITES],"(:Paper {publication_year: 2014,paper_index: 1412.0732,title: Tensor Network Renormalization,authors: [Glen Evenbly, Guifre Vidal]})"
"(:Paper {publication_year: 2018,paper_index: 1802.02840,title: Neural Network Renormalization Group,authors: [Shuo-Hui Li, Lei Wang]})",[:CITES],"(:Paper {publication_year: 2014,paper_index: 1410.8516,title: NICE: Non-linear Independent Components Estimation,authors: [Laurent Dinh, David Krueger, Yoshua Bengio]})"
"(:Paper {publication_year: 2018,paper_index: 1802.02840,title: Neural Network Renormalization Group,authors: [Shuo-Hui Li, Lei Wang]})",[:CITES],"(:Paper {publication_year: 2015,paper_index: 1502.03509,title: MADE: Masked Autoencoder for Distribution Estimation,authors: [Mathieu Germain, Karol Gregor, Iain Murray, Hugo Larochelle]})"
"(:Paper {publication_year: 2018,paper_index: 1802.02840,title: Neural Network Renormalization Group,authors: [Shuo-Hui Li, Lei Wang]})",[:CITES],"(:Paper {publication_year: 2015,paper_index: 1505.05770,title: Variational Inference with Normalizing Flows,authors: [Danilo Jimenez Rezende, Shakir Mohamed]})"
"(:Paper {publication_year: 2018,paper_index: 1802.02840,title: Neural Network Renormalization Group,authors: [Shuo-Hui Li, Lei Wang]})",[:CITES],"(:Paper {publication_year: 2016,paper_index: 1605.08803,title: Density estimation using Real NVP,authors: [Laurent Dinh, Jascha Sohl-Dickstein, Samy Bengio]})"
"(:Paper {publication_year: 2018,paper_index: 1802.02840,title: Neural Network Renormalization Group,authors: [Shuo-Hui Li, Lei Wang]})",[:CITES],"(:Paper {publication_year: 2016,paper_index: 1606.04934,title: Improving Variational Inference with Inverse Autoregressive Flow,authors: [Diederik P. Kingma, Tim Salimans, Rafal Jozefowicz, Xi Chen, Ilya Sutskever, Max Welling]})"
"(:Paper {publication_year: 2018,paper_index: 1802.02840,title: Neural Network Renormalization Group,authors: [Shuo-Hui Li, Lei Wang]})",[:CITES],"(:Paper {publication_year: 2010,paper_index: 1003.2319,title: Real-space renormalization yields finite correlations,authors: [Thomas Barthel, Martin Kliesch, Jens Eisert]})"
"(:Paper {publication_year: 2018,paper_index: 1802.02840,title: Neural Network Renormalization Group,authors: [Shuo-Hui Li, Lei Wang]})",[:CITES],"(:Paper {publication_year: 2016,paper_index: 1601.06759,title: Pixel Recurrent Neural Networks,authors: [Aaron van den Oord, Nal Kalchbrenner, Koray Kavukcuoglu]})"
"(:Paper {publication_year: 2018,paper_index: 1802.02840,title: Neural Network Renormalization Group,authors: [Shuo-Hui Li, Lei Wang]})",[:CITES],"(:Paper {publication_year: 2007,paper_index: 0704.3906,title: Area laws in quantum systems: mutual information and correlations,authors: [M. M. Wolf, F. Verstraete, M. B. Hastings, J. I. Cirac]})"
"(:Paper {publication_year: 2018,paper_index: 1802.02840,title: Neural Network Renormalization Group,authors: [Shuo-Hui Li, Lei Wang]})",[:CITES],"(:Paper {publication_year: 2017,paper_index: 1710.04987,title: Simulating the Ising Model with a Deep Convolutional Generative
  Adversarial Network,authors: [Zhaocheng Liu, Sean P. Rodrigues, Wenshan Cai]})"
"(:Paper {publication_year: 2018,paper_index: 1802.02840,title: Neural Network Renormalization Group,authors: [Shuo-Hui Li, Lei Wang]})",[:CITES],"(:Paper {publication_year: 2016,paper_index: 1609.03499,title: WaveNet: A Generative Model for Raw Audio,authors: [Aaron van den Oord, Sander Dieleman, Heiga Zen, Karen Simonyan, Oriol Vinyals, Alex Graves, Nal Kalchbrenner, Andrew Senior, Koray Kavukcuoglu]})"
"(:Paper {publication_year: 2018,paper_index: 1802.02840,title: Neural Network Renormalization Group,authors: [Shuo-Hui Li, Lei Wang]})",[:CITES],"(:Paper {publication_year: 2016,paper_index: 1610.02746,title: Accelerate Monte Carlo Simulations with Restricted Boltzmann Machines,authors: [Li Huang, Lei Wang]})"
"(:Paper {publication_year: 2018,paper_index: 1802.02840,title: Neural Network Renormalization Group,authors: [Shuo-Hui Li, Lei Wang]})",[:CITES],"(:Paper {publication_year: 2017,paper_index: 1705.07057,title: Masked Autoregressive Flow for Density Estimation,authors: [George Papamakarios, Theo Pavlakou, Iain Murray]})"
"(:Paper {publication_year: 2018,paper_index: 1802.02840,title: Neural Network Renormalization Group,authors: [Shuo-Hui Li, Lei Wang]})",[:CITES],"(:Paper {publication_year: 2018,paper_index: 1807.03039,title: Glow: Generative Flow with Invertible 1x1 Convolutions,authors: [Diederik P. Kingma, Prafulla Dhariwal]})"
"(:Paper {publication_year: 2018,paper_index: 1802.02840,title: Neural Network Renormalization Group,authors: [Shuo-Hui Li, Lei Wang]})",[:CITES],"(:Paper {publication_year: 2016,paper_index: 1610.03137,title: Self-Learning Monte Carlo Method,authors: [Junwei Liu, Yang Qi, Zi Yang Meng, Liang Fu]})"
"(:Paper {publication_year: 2018,paper_index: 1802.02840,title: Neural Network Renormalization Group,authors: [Shuo-Hui Li, Lei Wang]})",[:CITES],"(:Paper {publication_year: 2017,paper_index: 1711.10433,title: Parallel WaveNet: Fast High-Fidelity Speech Synthesis,authors: [Aaron van den Oord, Yazhe Li, Igor Babuschkin, Karen Simonyan, Oriol Vinyals, Koray Kavukcuoglu, George van den Driessche, Edward Lockhart, Luis C. Cobo, Florian Stimberg, Norman Casagrande, Dominik Grewe, Seb Noury, Sander Dieleman, Erich Elsen, Nal Kalchbrenner, Heiga Zen, Alex Graves, Helen King, Tom Walters, Dan Belov, Demis Hassabis]})"
"(:Paper {publication_year: 2018,paper_index: 1802.02840,title: Neural Network Renormalization Group,authors: [Shuo-Hui Li, Lei Wang]})",[:CITES],"(:Paper {publication_year: 2014,paper_index: 1412.6980,title: Adam: A Method for Stochastic Optimization,authors: [Diederik P. Kingma, Jimmy Ba]})"
"(:Paper {publication_year: 2018,paper_index: 1804.03235,title: Large scale distributed neural network training through online
  distillation,authors: [Rohan Anil, Gabriel Pereyra, Alexandre Passos, Robert Ormandi, George E. Dahl, Geoffrey E. Hinton]})",[:CITES],"(:Paper {publication_year: 2014,paper_index: 1412.6980,title: Adam: A Method for Stochastic Optimization,authors: [Diederik P. Kingma, Jimmy Ba]})"
"(:Paper {publication_year: 2018,paper_index: 1802.02840,title: Neural Network Renormalization Group,authors: [Shuo-Hui Li, Lei Wang]})",[:CITES],"(:Paper {publication_year: 2017,paper_index: 1711.10604,title: TensorFlow Distributions,authors: [Joshua V. Dillon, Ian Langmore, Dustin Tran, Eugene Brevdo, Srinivas Vasudevan, Dave Moore, Brian Patton, Alex Alemi, Matt Hoffman, Rif A. Saurous]})"
"(:Paper {publication_year: 2018,paper_index: 1802.02840,title: Neural Network Renormalization Group,authors: [Shuo-Hui Li, Lei Wang]})",[:CITES],"(:Paper {publication_year: 2016,paper_index: 1603.04467,title: TensorFlow: Large-Scale Machine Learning on Heterogeneous Distributed
  Systems,authors: [Martín Abadi, Ashish Agarwal, Paul Barham, Eugene Brevdo, Zhifeng Chen, Craig Citro, Greg S. Corrado, Andy Davis, Jeffrey Dean, Matthieu Devin, Sanjay Ghemawat, Ian Goodfellow, Andrew Harp, Geoffrey Irving, Michael Isard, Yangqing Jia, Rafal Jozefowicz, Lukasz Kaiser, Manjunath Kudlur, Josh Levenberg, Dan Mane, Rajat Monga, Sherry Moore, Derek Murray, Chris Olah, Mike Schuster, Jonathon Shlens, Benoit Steiner, Ilya Sutskever, Kunal Talwar, Paul Tucker, Vincent Vanhoucke, Vijay Vasudevan, Fernanda Viegas, Oriol Vinyals, Pete Warden, Martin Wattenberg, Martin Wicke, Yuan Yu, Xiaoqiang Zheng]})"
"(:Paper {publication_year: 2018,paper_index: 1802.02840,title: Neural Network Renormalization Group,authors: [Shuo-Hui Li, Lei Wang]})",[:CITES],"(:Paper {publication_year: 2013,paper_index: 1309.6282,title: Exact holographic mapping and emergent space-time geometry,authors: [Xiao-Liang Qi]})"
"(:Paper {publication_year: 2018,paper_index: 1802.02840,title: Neural Network Renormalization Group,authors: [Shuo-Hui Li, Lei Wang]})",[:CITES],"(:Paper {publication_year: 2017,paper_index: 1706.07561,title: A-NICE-MC: Adversarial Training for MCMC,authors: [Jiaming Song, Shengjia Zhao, Stefano Ermon]})"
"(:Paper {publication_year: 2018,paper_index: 1802.02840,title: Neural Network Renormalization Group,authors: [Shuo-Hui Li, Lei Wang]})",[:CITES],"(:Paper {publication_year: 2017,paper_index: 1711.09268,title: Generalizing Hamiltonian Monte Carlo with Neural Networks,authors: [Daniel Levy, Matthew D. Hoffman, Jascha Sohl-Dickstein]})"
"(:Paper {publication_year: 2017,paper_index: 1704.01552,title: Deep Learning and Quantum Entanglement: Fundamental Connections with
  Implications to Network Design,authors: [Yoav Levine, David Yakira, Nadav Cohen, Amnon Shashua]})",[:CITES],"(:Paper {publication_year: 2013,paper_index: 1312.6203,title: Spectral Networks and Locally Connected Networks on Graphs,authors: [Joan Bruna, Wojciech Zaremba, Arthur Szlam, Yann LeCun]})"
"(:Paper {publication_year: 2017,paper_index: 1704.01552,title: Deep Learning and Quantum Entanglement: Fundamental Connections with
  Implications to Network Design,authors: [Yoav Levine, David Yakira, Nadav Cohen, Amnon Shashua]})",[:CITES],"(:Paper {publication_year: 2017,paper_index: 1701.04831,title: Equivalence of restricted Boltzmann machines and tensor network states,authors: [Jing Chen, Song Cheng, Haidong Xie, Lei Wang, Tao Xiang]})"
"(:Paper {publication_year: 2017,paper_index: 1704.01552,title: Deep Learning and Quantum Entanglement: Fundamental Connections with
  Implications to Network Design,authors: [Yoav Levine, David Yakira, Nadav Cohen, Amnon Shashua]})",[:CITES],"(:Paper {publication_year: 2016,paper_index: 1609.09060,title: Machine Learning Topological States,authors: [Dong-Ling Deng, Xiaopeng Li, S. Das Sarma]})"
"(:Paper {publication_year: 2017,paper_index: 1704.01552,title: Deep Learning and Quantum Entanglement: Fundamental Connections with
  Implications to Network Design,authors: [Yoav Levine, David Yakira, Nadav Cohen, Amnon Shashua]})",[:CITES],"(:Paper {publication_year: 2017,paper_index: 1701.04844,title: Quantum Entanglement in Neural Network States,authors: [Dong-Ling Deng, Xiaopeng Li, S. Das Sarma]})"
"(:Paper {publication_year: 2017,paper_index: 1704.01552,title: Deep Learning and Quantum Entanglement: Fundamental Connections with
  Implications to Network Design,authors: [Yoav Levine, David Yakira, Nadav Cohen, Amnon Shashua]})",[:CITES],"(:Paper {publication_year: 2015,paper_index: 1512.03385,title: Deep Residual Learning for Image Recognition,authors: [Kaiming He, Xiangyu Zhang, Shaoqing Ren, Jian Sun]})"
"(:Paper {publication_year: 2017,paper_index: 1704.01552,title: Deep Learning and Quantum Entanglement: Fundamental Connections with
  Implications to Network Design,authors: [Yoav Levine, David Yakira, Nadav Cohen, Amnon Shashua]})",[:CITES],"(:Paper {publication_year: 2015,paper_index: 1506.05163,title: Deep Convolutional Networks on Graph-Structured Data,authors: [Mikael Henaff, Joan Bruna, Yann LeCun]})"
"(:Paper {publication_year: 2017,paper_index: 1704.01552,title: Deep Learning and Quantum Entanglement: Fundamental Connections with
  Implications to Network Design,authors: [Yoav Levine, David Yakira, Nadav Cohen, Amnon Shashua]})",[:CITES],"(:Paper {publication_year: 2016,paper_index: 1606.06737,title: Criticality in Formal Languages and Statistical Physics,authors: [Henry W. Lin, Max Tegmark]})"
"(:Paper {publication_year: 2017,paper_index: 1704.01552,title: Deep Learning and Quantum Entanglement: Fundamental Connections with
  Implications to Network Design,authors: [Yoav Levine, David Yakira, Nadav Cohen, Amnon Shashua]})",[:CITES],"(:Paper {publication_year: 2014,paper_index: 1402.0939,title: NCON: A tensor network contractor for MATLAB,authors: [Robert N. C. Pfeifer, Glen Evenbly, Sukhwinder Singh, Guifre Vidal]})"
"(:Paper {publication_year: 2017,paper_index: 1704.01552,title: Deep Learning and Quantum Entanglement: Fundamental Connections with
  Implications to Network Design,authors: [Yoav Levine, David Yakira, Nadav Cohen, Amnon Shashua]})",[:CITES],"(:Paper {publication_year: 2016,paper_index: 1603.00954,title: Training Input-Output Recurrent Neural Networks through Spectral Methods,authors: [Hanie Sedghi, Anima Anandkumar]})"
"(:Paper {publication_year: 2017,paper_index: 1704.01552,title: Deep Learning and Quantum Entanglement: Fundamental Connections with
  Implications to Network Design,authors: [Yoav Levine, David Yakira, Nadav Cohen, Amnon Shashua]})",[:CITES],"(:Paper {publication_year: 2017,paper_index: 1703.02065,title: On the Expressive Power of Overlapping Architectures of Deep Learning,authors: [Or Sharir, Amnon Shashua]})"
"(:Paper {publication_year: 2017,paper_index: 1704.01552,title: Deep Learning and Quantum Entanglement: Fundamental Connections with
  Implications to Network Design,authors: [Yoav Levine, David Yakira, Nadav Cohen, Amnon Shashua]})",[:CITES],"(:Paper {publication_year: 2016,paper_index: 1605.05775,title: Supervised Learning with Quantum-Inspired Tensor Networks,authors: [E. Miles Stoudenmire, David J. Schwab]})"
"(:Paper {publication_year: 2017,paper_index: 1704.01552,title: Deep Learning and Quantum Entanglement: Fundamental Connections with
  Implications to Network Design,authors: [Yoav Levine, David Yakira, Nadav Cohen, Amnon Shashua]})",[:CITES],"(:Paper {publication_year: 2009,paper_index: 0912.1651,title: Entanglement Renormalization: an introduction,authors: [Guifre Vidal]})"
"(:Paper {publication_year: 2017,paper_index: 1712.04741,title: Mathematics of Deep Learning,authors: [Rene Vidal, Joan Bruna, Raja Giryes, Stefano Soatto]})",[:CITES],"(:Paper {publication_year: 2015,paper_index: 1503.05938,title: On Invariance and Selectivity in Representation Learning,authors: [Fabio Anselmi, Lorenzo Rosasco, Tomaso Poggio]})"
"(:Paper {publication_year: 2017,paper_index: 1712.04741,title: Mathematics of Deep Learning,authors: [Rene Vidal, Joan Bruna, Raja Giryes, Stefano Soatto]})",[:CITES],"(:Paper {publication_year: 2017,paper_index: 1703.00810,title: Opening the Black Box of Deep Neural Networks via Information,authors: [Ravid Shwartz-Ziv, Naftali Tishby]})"
"(:Paper {publication_year: 2017,paper_index: 1712.04741,title: Mathematics of Deep Learning,authors: [Rene Vidal, Joan Bruna, Raja Giryes, Stefano Soatto]})",[:CITES],"(:Paper {publication_year: 2016,paper_index: 1611.01353,title: Information Dropout: Learning Optimal Representations Through Noisy
  Computation,authors: [Alessandro Achille, Stefano Soatto]})"
"(:Paper {publication_year: 2017,paper_index: 1712.04741,title: Mathematics of Deep Learning,authors: [Rene Vidal, Joan Bruna, Raja Giryes, Stefano Soatto]})",[:CITES],"(:Paper {publication_year: 2016,paper_index: 1612.00410,title: Deep Variational Information Bottleneck,authors: [Alexander A. Alemi, Ian Fischer, Joshua V. Dillon, Kevin Murphy]})"
"(:Paper {publication_year: 2017,paper_index: 1712.04741,title: Mathematics of Deep Learning,authors: [Rene Vidal, Joan Bruna, Raja Giryes, Stefano Soatto]})",[:CITES],"(:Paper {publication_year: 2017,paper_index: 1703.04933,title: Sharp Minima Can Generalize For Deep Nets,authors: [Laurent Dinh, Razvan Pascanu, Samy Bengio, Yoshua Bengio]})"
"(:Paper {publication_year: 2017,paper_index: 1704.01552,title: Deep Learning and Quantum Entanglement: Fundamental Connections with
  Implications to Network Design,authors: [Yoav Levine, David Yakira, Nadav Cohen, Amnon Shashua]})",[:CITES],"(:Paper {publication_year: 2015,paper_index: 1506.08473,title: Beating the Perils of Non-Convexity: Guaranteed Training of Neural
  Networks using Tensor Methods,authors: [Majid Janzamin, Hanie Sedghi, Anima Anandkumar]})"
"(:Paper {publication_year: 2017,paper_index: 1712.04741,title: Mathematics of Deep Learning,authors: [Rene Vidal, Joan Bruna, Raja Giryes, Stefano Soatto]})",[:CITES],"(:Paper {publication_year: 2015,paper_index: 1506.08473,title: Beating the Perils of Non-Convexity: Guaranteed Training of Neural
  Networks using Tensor Methods,authors: [Majid Janzamin, Hanie Sedghi, Anima Anandkumar]})"
"(:Paper {publication_year: 2017,paper_index: 1712.04741,title: Mathematics of Deep Learning,authors: [Rene Vidal, Joan Bruna, Raja Giryes, Stefano Soatto]})",[:CITES],"(:Paper {publication_year: 2017,paper_index: 1704.04932,title: Deep Relaxation: partial differential equations for optimizing deep
  neural networks,authors: [Pratik Chaudhari, Adam Oberman, Stanley Osher, Stefano Soatto, Guillaume Carlier]})"
"(:Paper {publication_year: 2017,paper_index: 1712.04741,title: Mathematics of Deep Learning,authors: [Rene Vidal, Joan Bruna, Raja Giryes, Stefano Soatto]})",[:CITES],"(:Paper {publication_year: 2016,paper_index: 1611.08097,title: Geometric deep learning: going beyond Euclidean data,authors: [Michael M. Bronstein, Joan Bruna, Yann LeCun, Arthur Szlam, Pierre Vandergheynst]})"
"(:Paper {publication_year: 2017,paper_index: 1712.04741,title: Mathematics of Deep Learning,authors: [Rene Vidal, Joan Bruna, Raja Giryes, Stefano Soatto]})",[:CITES],"(:Paper {publication_year: 2016,paper_index: 1605.09232,title: Tradeoffs between Convergence Speed and Reconstruction Accuracy in
  Inverse Problems,authors: [Raja Giryes, Yonina C. Eldar, Alex M. Bronstein, Guillermo Sapiro]})"
"(:Paper {publication_year: 2017,paper_index: 1712.04741,title: Mathematics of Deep Learning,authors: [Rene Vidal, Joan Bruna, Raja Giryes, Stefano Soatto]})",[:CITES],"(:Paper {publication_year: 2016,paper_index: 1607.08194,title: Convolutional Neural Networks Analyzed via Convolutional Sparse Coding,authors: [Vardan Papyan, Yaniv Romano, Michael Elad]})"
"(:Paper {publication_year: 2017,paper_index: 1712.04741,title: Mathematics of Deep Learning,authors: [Rene Vidal, Joan Bruna, Raja Giryes, Stefano Soatto]})",[:CITES],"(:Paper {publication_year: 2016,paper_index: 1605.07146,title: Wide Residual Networks,authors: [Sergey Zagoruyko, Nikos Komodakis]})"
"(:Paper {publication_year: 2018,paper_index: 1801.04016,title: Theoretical Impediments to Machine Learning With Seven Sparks from the
  Causal Revolution,authors: [Judea Pearl]})",[:CITES],"(:Paper {publication_year: 2017,paper_index: 1707.04327,title: Human-Level Intelligence or Animal-Like Abilities?,authors: [Adnan Darwiche]})"
"(:Paper {publication_year: 2017,paper_index: 1708.02709,title: Recent Trends in Deep Learning Based Natural Language Processing,authors: [Tom Young, Devamanyu Hazarika, Soujanya Poria, Erik Cambria]})",[:CITES],"(:Paper {publication_year: 2015,paper_index: 1506.07285,title: Ask Me Anything: Dynamic Memory Networks for Natural Language Processing,authors: [Ankit Kumar, Ozan Irsoy, Peter Ondruska, Mohit Iyyer, James Bradbury, Ishaan Gulrajani, Victor Zhong, Romain Paulus, Richard Socher]})"
"(:Paper {publication_year: 2018,paper_index: 1804.04438,title: Pooling is neither necessary nor sufficient for appropriate deformation
  stability in CNNs,authors: [Avraham Ruderman, Neil C. Rabinowitz, Ari S. Morcos, Daniel Zoran]})",[:CITES],"(:Paper {publication_year: 2017,paper_index: 1706.01350,title: Emergence of Invariance and Disentanglement in Deep Representations,authors: [Alessandro Achille, Stefano Soatto]})"
"(:Paper {publication_year: 2018,paper_index: 1804.04438,title: Pooling is neither necessary nor sufficient for appropriate deformation
  stability in CNNs,authors: [Avraham Ruderman, Neil C. Rabinowitz, Ari S. Morcos, Daniel Zoran]})",[:CITES],"(:Paper {publication_year: 2016,paper_index: 1611.03530,title: Understanding deep learning requires rethinking generalization,authors: [Chiyuan Zhang, Samy Bengio, Moritz Hardt, Benjamin Recht, Oriol Vinyals]})"
"(:Paper {publication_year: 2018,paper_index: 1804.03235,title: Large scale distributed neural network training through online
  distillation,authors: [Rohan Anil, Gabriel Pereyra, Alexandre Passos, Robert Ormandi, George E. Dahl, Geoffrey E. Hinton]})",[:CITES],"(:Paper {publication_year: 2013,paper_index: 1312.3005,title: One Billion Word Benchmark for Measuring Progress in Statistical
  Language Modeling,authors: [Ciprian Chelba, Tomas Mikolov, Mike Schuster, Qi Ge, Thorsten Brants, Phillipp Koehn, Tony Robinson]})"
"(:Paper {publication_year: 2018,paper_index: 1804.03235,title: Large scale distributed neural network training through online
  distillation,authors: [Rohan Anil, Gabriel Pereyra, Alexandre Passos, Robert Ormandi, George E. Dahl, Geoffrey E. Hinton]})",[:CITES],"(:Paper {publication_year: 2016,paper_index: 1604.00981,title: Revisiting Distributed Synchronous SGD,authors: [Jianmin Chen, Xinghao Pan, Rajat Monga, Samy Bengio, Rafal Jozefowicz]})"
"(:Paper {publication_year: 2018,paper_index: 1804.03235,title: Large scale distributed neural network training through online
  distillation,authors: [Rohan Anil, Gabriel Pereyra, Alexandre Passos, Robert Ormandi, George E. Dahl, Geoffrey E. Hinton]})",[:CITES],"(:Paper {publication_year: 2017,paper_index: 1706.02677,title: Accurate, Large Minibatch SGD: Training ImageNet in 1 Hour,authors: [Priya Goyal, Piotr Dollár, Ross Girshick, Pieter Noordhuis, Lukasz Wesolowski, Aapo Kyrola, Andrew Tulloch, Yangqing Jia, Kaiming He]})"
"(:Paper {publication_year: 2018,paper_index: 1804.03235,title: Large scale distributed neural network training through online
  distillation,authors: [Rohan Anil, Gabriel Pereyra, Alexandre Passos, Robert Ormandi, George E. Dahl, Geoffrey E. Hinton]})",[:CITES],"(:Paper {publication_year: 2015,paper_index: 1503.02531,title: Distilling the Knowledge in a Neural Network,authors: [Geoffrey Hinton, Oriol Vinyals, Jeff Dean]})"
"(:Paper {publication_year: 2018,paper_index: 1804.03235,title: Large scale distributed neural network training through online
  distillation,authors: [Rohan Anil, Gabriel Pereyra, Alexandre Passos, Robert Ormandi, George E. Dahl, Geoffrey E. Hinton]})",[:CITES],"(:Paper {publication_year: 2017,paper_index: 1701.06548,title: Regularizing Neural Networks by Penalizing Confident Output
  Distributions,authors: [Gabriel Pereyra, George Tucker, Jan Chorowski, Łukasz Kaiser, Geoffrey Hinton]})"
"(:Paper {publication_year: 2018,paper_index: 1804.03235,title: Large scale distributed neural network training through online
  distillation,authors: [Rohan Anil, Gabriel Pereyra, Alexandre Passos, Robert Ormandi, George E. Dahl, Geoffrey E. Hinton]})",[:CITES],"(:Paper {publication_year: 2017,paper_index: 1706.00384,title: Deep Mutual Learning,authors: [Ying Zhang, Tao Xiang, Timothy M. Hospedales, Huchuan Lu]})"
"(:Paper {publication_year: 2018,paper_index: 1803.10296,title: Quantum Machine Learning for Electronic Structure Calculations,authors: [Rongxin Xia, Sabre Kais]})",[:CITES],"(:Paper {publication_year: 2013,paper_index: 1307.0411,title: Quantum algorithms for supervised and unsupervised machine learning,authors: [Seth Lloyd, Masoud Mohseni, Patrick Rebentrost]})"
"(:Paper {publication_year: 2018,paper_index: 1803.10296,title: Quantum Machine Learning for Electronic Structure Calculations,authors: [Rongxin Xia, Sabre Kais]})",[:CITES],"(:Paper {publication_year: 2008,paper_index: 0804.4457,title: Image recognition with an adiabatic quantum computer I. Mapping to
  quadratic unconstrained binary optimization,authors: [Hartmut Neven, Geordie Rose, William G. Macready]})"
"(:Paper {publication_year: 2018,paper_index: 1803.10296,title: Quantum Machine Learning for Electronic Structure Calculations,authors: [Rongxin Xia, Sabre Kais]})",[:CITES],"(:Paper {publication_year: 2008,paper_index: 0811.0416,title: Training a Binary Classifier with the Quantum Adiabatic Algorithm,authors: [Hartmut Neven, Vasil S. Denchev, Geordie Rose, William G. Macready]})"
"(:Paper {publication_year: 2018,paper_index: 1803.10296,title: Quantum Machine Learning for Electronic Structure Calculations,authors: [Rongxin Xia, Sabre Kais]})",[:CITES],"(:Paper {publication_year: 2009,paper_index: 0912.0779,title: Training a Large Scale Classifier with the Quantum Adiabatic Algorithm,authors: [Hartmut Neven, Vasil S. Denchev, Geordie Rose, William G. Macready]})"
"(:Paper {publication_year: 2018,paper_index: 1803.10296,title: Quantum Machine Learning for Electronic Structure Calculations,authors: [Rongxin Xia, Sabre Kais]})",[:CITES],"(:Paper {publication_year: 2017,paper_index: 1701.08213,title: Tapering off qubits to simulate fermionic Hamiltonians,authors: [Sergey Bravyi, Jay M. Gambetta, Antonio Mezzacapo, Kristan Temme]})"
"(:Paper {publication_year: 2018,paper_index: 1803.10296,title: Quantum Machine Learning for Electronic Structure Calculations,authors: [Rongxin Xia, Sabre Kais]})",[:CITES],"(:Paper {publication_year: 2018,paper_index: 1804.05453,title: Quantum computing methods for electronic states of the water molecule,authors: [Teng Bian, Daniel Murphy, Rongxin Xia, Ammar Daskin, Sabre Kais]})"
"(:Paper {publication_year: 2018,paper_index: 1803.10296,title: Quantum Machine Learning for Electronic Structure Calculations,authors: [Rongxin Xia, Sabre Kais]})",[:CITES],"(:Paper {publication_year: 2017,paper_index: 1710.07629,title: OpenFermion: The Electronic Structure Package for Quantum Computers,authors: [Jarrod R. McClean, Kevin J. Sung, Ian D. Kivlichan, Yudong Cao, Chengyu Dai, E. Schuyler Fried, Craig Gidney, Brendan Gimby, Pranav Gokhale, Thomas Häner, Tarini Hardikar, Vojtěch Havlíček, Oscar Higgott, Cupjin Huang, Josh Izaac, Zhang Jiang, Xinle Liu, Sam McArdle, Matthew Neeley, Thomas O'Brien, Bryan O'Gorman, Isil Ozfidan, Maxwell D. Radin, Jhonathan Romero, Nicholas Rubin, Nicolas P. D. Sawaya, Kanav Setia, Sukin Sim, Damian S. Steiger, Mark Steudtner, Qiming Sun, Wei Sun, Daochen Wang, Fang Zhang, Ryan Babbush]})"
"(:Paper {publication_year: 2017,paper_index: 1712.04741,title: Mathematics of Deep Learning,authors: [Rene Vidal, Joan Bruna, Raja Giryes, Stefano Soatto]})",[:CITES],"(:Paper {publication_year: 2015,paper_index: 1506.07540,title: Global Optimality in Tensor Factorization, Deep Learning, and Beyond,authors: [Benjamin D. Haeffele, Rene Vidal]})"